Recommendededcs,version
4439341,4.1
4086271,4.1
2506128,4.1
3465523,4.1
1912398,4.1
1912400,4.1
1912406,4.1
1912410,4.1
1920900,4.1
1923709,4.1
1935787,4.1
1935805,4.1
2506128,4.1
2761363,4.1
2776371,4.1
2782719,4.1
2798826,4.1
2927549,4.1
2950726,4.1
2954210,4.1
3020309,4.1
3077389,4.1
3126570,4.1
3133924,4.1
3133924,4.1
3235848,4.1
3380240,4.1
3465498,4.1
3465521,4.1
3465523,4.1
3465526,4.1
3465527,4.1
3466967,4.1
3466970,4.1
3504644,4.1
3500877,4.1
3495303,4.1
3466989,4.1
3466981,4.1
3509077,4.1
3510245,4.1
3510798,4.1
3511551,4.1
3518189,4.1
3518926,4.1
3522855,4.1
3526036,4.1
3529053,4.1
3535675,4.1
3541285,4.1